<?xml version="1.0" encoding="UTF-8"?>
<project-private xmlns="http://www.netbeans.org/ns/project-private/1">
    <editor-bookmarks xmlns="http://www.netbeans.org/ns/editor-bookmarks/2" lastBookmarkId="0"/>
    <open-files xmlns="http://www.netbeans.org/ns/projectui-open-files/2">
        <group>
            <file>file:/media/jesimar/Workspace/Work/GitHub/UAV-MOSA/src/uav/mosa/reader/ReaderLoadConfig.java</file>
            <file>file:/media/jesimar/Workspace/Work/GitHub/UAV-MOSA/src/uav/mosa/communication/Communication.java</file>
            <file>file:/media/jesimar/Workspace/Work/GitHub/UAV-MOSA/src/uav/mosa/MOSA.java</file>
        </group>
    </open-files>
</project-private>
